Workbook

Sheet Methods
A1: Step | B1: What was done
A2: Sample identities | B2: Sample_1 = WT; Sample_2 = upf1Δ; Sample_3 = upf3Δ, based on user identification.
A3: Inputs | B3: The three uploaded retained-start summary CSVs. Every group is included; no filtering was added.
A4: Denominator | B4: Sum supporting_reads across all groups separately for each sample, including uncertain and no-intact-start groups.
A5: Totals | B5: WT: 1,046,488; upf1Δ: 2,233,376; upf3Δ: 2,031,939
A6: Percentage | B6: 100 × group supporting_reads / total imported supporting_reads for that sample.
A7: Fold relative to WT | B7: Mutant group fraction / WT group fraction, calculated without rounding. Values above 1 mean relative enrichment; below 1 mean lower representation.
A8: Percentage-point change | B8: Mutant percentage minus WT percentage. Distinct from fold change.
A9: Combined uORF group | B9: Sum supporting reads for uORF1–5 once each, divided by the all-group denominator. Groups describe the first supported retained ATG, not numbers of translated uORFs.
A10: Validation | B10: Recomputed percentages match the supplied percent_of_imported_supporting_reads columns. Source sample labels and group sets checked.
A11: Rounding | B11: Display percentages and folds to two decimals. Calculation values retain full precision.
A12: Other denominators | B12: Original quality-filtered and assigned percentages are preserved on source sheets. They are not the denominator used for the main comparison.
... A14: Workbook organization | B14: Comparison values contains immediately readable numeric results. Comparison formulas contains live Excel formulas referencing original source sheets.

Sheet WT source
A1: sample | B1: retained_start_group | C1: amplicon_clusters | D1: supporting_reads | E1: percent_of_imported_supporting_reads | F1: percent_quality_filtered_from_input | G1: percent_assigned_from_input | H1: clusters_with_unaligned_5prime_extension | I1: imported_clusters_in_sample
A2: Sample_1 | B2: uORF1 ATG retained | C2: 11848 | D2: 210365 | E2: 20.101998 | F2: 10.90539 | G2: 20.102336 | H2: 11848 | I2: 93877
A3: Sample_1 | B3: uORF2 ATG retained | C3: 3499 | D3: 64049 | E3: 6.120376 | F3: 3.3203184 | G3: 6.1204814 | H3: 3320 | I3: 93877
A4: Sample_1 | B4: uORF3 ATG retained | C4: 629 | D4: 4540 | E4: 0.43383202 | F4: 0.23533993 | G4: 0.43385459 | H4: 573 | I4: 93877
A5: Sample_1 | B5: uORF4 ATG retained | C5: 135 | D5: 800 | E5: 0.07644617 | F5: 0.041469179 | G5: 0.076450565 | H5: 128 | I5: 93877
A6: Sample_1 | B6: uORF5 ATG retained | C6: 414 | D6: 2498 | E6: 0.23870317 | F6: 0.1294872 | G6: 0.23871719 | H6: 214 | I6: 93877
A7: Sample_1 | B7: Main DAL2 ATG retained | C7: 10508 | D7: 141776 | E7: 13.54779 | F7: 7.3496417 | G7: 13.548091 | H7: 9625 | I7: 93877
A8: Sample_1 | B8: Internal ATG A retained | C8: 2443 | D8: 16830 | E8: 1.6082363 | F8: 0.87242163 | G8: 1.6083149 | H8: 2123 | I8: 93877
A9: Sample_1 | B9: Internal ATG B retained | C9: 18059 | D9: 258794 | E9: 24.729763 | F9: 13.415903 | G9: 24.730241 | H9: 16552 | I9: 93877
A10: Sample_1 | B10: No intact annotated start observed | C10: 36942 | D10: 273560 | E10: 26.140768 | F10: 14.180885 | G10: 26.141767 | H10: 27665 | I10: 93877
A11: Sample_1 | B11: Uncertain / altered or incompletely covered start | C11: 9400 | D11: 73276 | E11: 7.002087 | F11: 3.7984831 | G11: 7.0023747 | H11: 7950 | I11: 93877
B13: TOTAL supporting reads | D13: =SUM(D2:D11)

Sheet upf1 source
A1: sample | B1: retained_start_group | C1: amplicon_clusters | D1: supporting_reads | E1: percent_of_imported_supporting_reads | F1: percent_quality_filtered_from_input | G1: percent_assigned_from_input | H1: clusters_with_unaligned_5prime_extension | I1: imported_clusters_in_sample
A2: Sample_2 | B2: uORF1 ATG retained | C2: 48517 | D2: 827396 | E2: 37.046874 | F2: 20.058217 | G2: 37.047842 | H2: 48513 | I2: 212686
A3: Sample_2 | B3: uORF2 ATG retained | C3: 20435 | D3: 316985 | E3: 14.193087 | F3: 7.6844642 | G3: 14.193495 | H3: 19099 | I3: 212686
A4: Sample_2 | B4: uORF3 ATG retained | C4: 3702 | D4: 22558 | E4: 1.0100404 | F4: 0.54676826 | G4: 1.0101271 | H4: 3342 | I4: 212686
A5: Sample_2 | B5: uORF4 ATG retained | C5: 496 | D5: 1511 | E5: 0.067655424 | F5: 0.036615456 | G5: 0.067667422 | H5: 420 | I5: 212686
A6: Sample_2 | B6: uORF5 ATG retained | C6: 1516 | D6: 6715 | E6: 0.3006659 | F6: 0.16274617 | G6: 0.30070167 | H6: 870 | I6: 212686
A7: Sample_2 | B7: Main DAL2 ATG retained | C7: 14914 | D7: 123563 | E7: 5.5325659 | F7: 2.9952402 | G7: 5.5328759 | H7: 13185 | I7: 212686
A8: Sample_2 | B8: Internal ATG A retained | C8: 6110 | D8: 41400 | E8: 1.8536959 | F8: 1.0035255 | G8: 1.8538295 | H8: 5134 | I8: 212686
A9: Sample_2 | B9: Internal ATG B retained | C9: 39165 | D9: 426648 | E9: 19.103277 | F9: 10.34269 | G9: 19.10404 | H9: 35346 | I9: 212686
A10: Sample_2 | B10: No intact annotated start observed | C10: 59172 | D10: 331321 | E10: 14.834985 | F10: 8.0309294 | G10: 14.83627 | H10: 40039 | I10: 212686
A11: Sample_2 | B11: Uncertain / altered or incompletely covered start | C11: 18659 | D11: 135279 | E11: 6.0571529 | F11: 3.2791584 | G11: 6.0575754 | H11: 14182 | I11: 212686
B13: TOTAL supporting reads | D13: =SUM(D2:D11)

Sheet upf3 source
A1: sample | B1: retained_start_group | C1: amplicon_clusters | D1: supporting_reads | E1: percent_of_imported_supporting_reads | F1: percent_quality_filtered_from_input | G1: percent_assigned_from_input | H1: clusters_with_unaligned_5prime_extension | I1: imported_clusters_in_sample
A2: Sample_3 | B2: uORF1 ATG retained | C2: 46340 | D2: 715649 | E2: 35.220004 | F2: 18.771124 | G2: 35.219471 | H2: 46338 | I2: 213754
A3: Sample_3 | B3: uORF2 ATG retained | C3: 20029 | D3: 254360 | E3: 12.518092 | F3: 6.6716786 | G3: 12.517862 | H3: 18911 | I3: 213754
A4: Sample_3 | B4: uORF3 ATG retained | C4: 3100 | D4: 18655 | E4: 0.91808858 | F4: 0.48926545 | G4: 0.91804713 | H4: 2773 | I4: 213754
A5: Sample_3 | B5: uORF4 ATG retained | C5: 391 | D5: 1766 | E5: 0.086912058 | F5: 0.046313765 | G5: 0.086906806 | H5: 344 | I5: 213754
A6: Sample_3 | B6: uORF5 ATG retained | C6: 1177 | D6: 5237 | E6: 0.25773412 | F6: 0.13734466 | G6: 0.25771834 | H6: 663 | I6: 213754
A7: Sample_3 | B7: Main DAL2 ATG retained | C7: 13640 | D7: 103710 | E7: 5.1039918 | F7: 2.7201264 | G7: 5.1038282 | H7: 12173 | I7: 213754
A8: Sample_3 | B8: Internal ATG A retained | C8: 5573 | D8: 34438 | E8: 1.6948343 | F8: 0.90323157 | G8: 1.6947648 | H8: 4672 | I8: 213754
A9: Sample_3 | B9: Internal ATG B retained | C9: 38260 | D9: 407076 | E9: 20.033869 | F9: 10.677293 | G9: 20.033447 | H9: 35004 | I9: 213754
A10: Sample_3 | B10: No intact annotated start observed | C10: 68487 | D10: 385450 | E10: 18.969566 | F10: 10.109571 | G10: 18.968724 | H10: 44293 | I10: 213754
A11: Sample_3 | B11: Uncertain / altered or incompletely covered start | C11: 16757 | D11: 105598 | E11: 5.196908 | F11: 2.769609 | G11: 5.1966891 | H11: 12814 | I11: 213754
B13: TOTAL supporting reads | D13: =SUM(D2:D11)

Sheet Comparison values
A1: Retained-start group | B1: WT reads | C1: upf1Δ reads | D1: upf3Δ reads | E1: WT % | F1: upf1Δ % | G1: upf3Δ % | H1: upf1Δ / WT fold | I1: upf3Δ / WT fold | J1: upf1Δ − WT percentage points | K1: upf3Δ − WT percentage points
A2: uORF1 ATG retained | B2: 210365 | C2: 827396 | D2: 715649 | E2: 20.101998 | F2: 37.046874 | G2: 35.220004 | H2: 1.8429449 | I2: 1.7520648 | J2: 16.944876 | K2: 15.118006
A3: uORF2 ATG retained | B3: 64049 | C3: 316985 | D3: 254360 | E3: 6.120376 | F3: 14.193087 | G3: 12.518092 | H3: 2.3189894 | I3: 2.0453143 | J3: 8.0727111 | K3: 6.3977164
A4: uORF3 ATG retained | B4: 4540 | C4: 22558 | D4: 18655 | E4: 0.43383202 | F4: 1.0100404 | G4: 0.91808858 | H4: 2.3281832 | I4: 2.1162306 | J4: 0.57620839 | K4: 0.48425657
A5: uORF4 ATG retained | B5: 800 | C5: 1511 | D5: 1766 | E5: 0.07644617 | F5: 0.067655424 | G5: 0.086912058 | H5: 0.88500737 | I5: 1.1369053 | J5: -0.0087907465 | K5: 0.010465887
A6: uORF5 ATG retained | B6: 2498 | C6: 6715 | D6: 5237 | E6: 0.23870317 | F6: 0.3006659 | G6: 0.25773412 | H6: 1.2595807 | I6: 1.0797264 | J6: 0.061962731 | K6: 0.019030948
A7: Main DAL2 ATG retained | B7: 141776 | C7: 123563 | D7: 103710 | E7: 13.54779 | F7: 5.5325659 | G7: 5.1039918 | H7: 0.40837405 | I7: 0.3767398 | J7: -8.0152244 | K7: -8.4437985
A8: Internal ATG A retained | B8: 16830 | C8: 41400 | D8: 34438 | E8: 1.6082363 | F8: 1.8536959 | G8: 1.6948343 | H8: 1.1526266 | I8: 1.0538466 | J8: 0.24545962 | K8: 0.086598033
A9: Internal ATG B retained | B9: 258794 | C9: 426648 | D9: 407076 | E9: 24.729763 | F9: 19.103277 | G9: 20.033869 | H9: 0.7724812 | I9: 0.81011166 | J9: -5.626486 | K9: -4.6958937
A10: No intact annotated start observed | B10: 273560 | C10: 331321 | D10: 385450 | E10: 26.140768 | F10: 14.834985 | G10: 18.969566 | H10: 0.5675038 | I10: 0.72566979 | J10: -11.305783 | K10: -7.1712025
A11: Uncertain / altered or incompletely covered start | B11: 73276 | C11: 135279 | D11: 105598 | E11: 7.002087 | F11: 6.0571529 | G11: 5.196908 | H11: 0.86504966 | I11: 0.74219415 | J11: -0.94493404 | K11: -1.805179
A12: Combined uORF1–5 | B12: 282252 | C12: 1175165 | D12: 995667 | E12: 26.971356 | F12: 52.618323 | G12: 49.000831 | H12: 1.9508965 | I12: 1.816773 | J12: 25.646967 | K12: 22.029476

Sheet Comparison formulas
A1: Retained-start group | B1: WT reads | C1: upf1Δ reads | D1: upf3Δ reads | E1: WT % | F1: upf1Δ % | G1: upf3Δ % | H1: upf1Δ / WT fold | I1: upf3Δ / WT fold | J1: upf1Δ − WT percentage points | K1: upf3Δ − WT percentage points
A2: uORF1 ATG retained | B2: ='WT source'!D2 | C2: ='upf1 source'!D2 | D2: ='upf3 source'!D2 | E2: =100*B2/'WT source'!$D$13 | F2: =100*C2/'upf1 source'!$D$13 | G2: =100*D2/'upf3 source'!$D$13 | H2: =F2/E2 | I2: =G2/E2 | J2: =F2-E2 | K2: =G2-E2
A3: uORF2 ATG retained | B3: ='WT source'!D3 | C3: ='upf1 source'!D3 | D3: ='upf3 source'!D3 | E3: =100*B3/'WT source'!$D$13 | F3: =100*C3/'upf1 source'!$D$13 | G3: =100*D3/'upf3 source'!$D$13 | H3: =F3/E3 | I3: =G3/E3 | J3: =F3-E3 | K3: =G3-E3
A4: uORF3 ATG retained | B4: ='WT source'!D4 | C4: ='upf1 source'!D4 | D4: ='upf3 source'!D4 | E4: =100*B4/'WT source'!$D$13 | F4: =100*C4/'upf1 source'!$D$13 | G4: =100*D4/'upf3 source'!$D$13 | H4: =F4/E4 | I4: =G4/E4 | J4: =F4-E4 | K4: =G4-E4
A5: uORF4 ATG retained | B5: ='WT source'!D5 | C5: ='upf1 source'!D5 | D5: ='upf3 source'!D5 | E5: =100*B5/'WT source'!$D$13 | F5: =100*C5/'upf1 source'!$D$13 | G5: =100*D5/'upf3 source'!$D$13 | H5: =F5/E5 | I5: =G5/E5 | J5: =F5-E5 | K5: =G5-E5
A6: uORF5 ATG retained | B6: ='WT source'!D6 | C6: ='upf1 source'!D6 | D6: ='upf3 source'!D6 | E6: =100*B6/'WT source'!$D$13 | F6: =100*C6/'upf1 source'!$D$13 | G6: =100*D6/'upf3 source'!$D$13 | H6: =F6/E6 | I6: =G6/E6 | J6: =F6-E6 | K6: =G6-E6
A7: Main DAL2 ATG retained | B7: ='WT source'!D7 | C7: ='upf1 source'!D7 | D7: ='upf3 source'!D7 | E7: =100*B7/'WT source'!$D$13 | F7: =100*C7/'upf1 source'!$D$13 | G7: =100*D7/'upf3 source'!$D$13 | H7: =F7/E7 | I7: =G7/E7 | J7: =F7-E7 | K7: =G7-E7
A8: Internal ATG A retained | B8: ='WT source'!D8 | C8: ='upf1 source'!D8 | D8: ='upf3 source'!D8 | E8: =100*B8/'WT source'!$D$13 | F8: =100*C8/'upf1 source'!$D$13 | G8: =100*D8/'upf3 source'!$D$13 | H8: =F8/E8 | I8: =G8/E8 | J8: =F8-E8 | K8: =G8-E8
A9: Internal ATG B retained | B9: ='WT source'!D9 | C9: ='upf1 source'!D9 | D9: ='upf3 source'!D9 | E9: =100*B9/'WT source'!$D$13 | F9: =100*C9/'upf1 source'!$D$13 | G9: =100*D9/'upf3 source'!$D$13 | H9: =F9/E9 | I9: =G9/E9 | J9: =F9-E9 | K9: =G9-E9
A10: No intact annotated start observed | B10: ='WT source'!D10 | C10: ='upf1 source'!D10 | D10: ='upf3 source'!D10 | E10: =100*B10/'WT source'!$D$13 | F10: =100*C10/'upf1 source'!$D$13 | G10: =100*D10/'upf3 source'!$D$13 | H10: =F10/E10 | I10: =G10/E10 | J10: =F10-E10 | K10: =G10-E10
A11: Uncertain / altered or incompletely covered start | B11: ='WT source'!D11 | C11: ='upf1 source'!D11 | D11: ='upf3 source'!D11 | E11: =100*B11/'WT source'!$D$13 | F11: =100*C11/'upf1 source'!$D$13 | G11: =100*D11/'upf3 source'!$D$13 | H11: =F11/E11 | I11: =G11/E11 | J11: =F11-E11 | K11: =G11-E11
A12: Combined uORF1–5 | B12: =SUM(B2:B6) | C12: =SUM(C2:C6) | D12: =SUM(D2:D6) | E12: =100*B12/'WT source'!$D$13 | F12: =100*C12/'upf1 source'!$D$13 | G12: =100*D12/'upf3 source'!$D$13 | H12: =F12/E12 | I12: =G12/E12 | J12: =F12-E12 | K12: =G12-E12
