Workbook

Sheet How calculated
A1: Calculation | B1: Explanation
A2: WT identity | B2: Sample_1, identified by the user as WT.
A3: upf3Δ identity | B3: Sample_3, identified by the user as upf3Δ.
A4: Denominator | B4: Sum of supporting_reads across ALL groups in each supplied retained-start summary, including no-intact-start and uncertain groups.
A5: Group percentage | B5: Group supporting_reads / total imported supporting_reads for that sample. Excel stores this as a fraction and displays it as a percentage.
A6: Fold enrichment | B6: upf3Δ group percentage / WT group percentage, using unrounded values. Above 1 means higher representation in upf3Δ; below 1 means lower representation.
A7: Percentage-point difference | B7: 100 × (upf3Δ fraction − WT fraction). This is different from fold enrichment.
A8: Combined uORF groups | B8: Sum uORF1–5 supporting reads once each, then divide by the same all-group total. Groups represent the first supported intact annotated ATG, not individual uORF counts.
A9: Other CSV percentages | B9: percent_quality_filtered_from_input and percent_assigned_from_input retain denominators from the original read analysis. They are preserved on source sheets but are not used for the fold comparison.
A10: Source percentage units | B10: Original CSV percentage columns use values from 0 to 100; calculated comparison percentage cells use Excel fractions from 0 to 1.
A11: Interpretation | B11: Fold enrichment describes PCR-derived sequencing-read composition, not absolute RNA abundance, translation, confirmed transcription starts, or proven NMD sensitivity.
A12: Limitations | B12: One supplied summary per genotype; no biological replicate analysis or statistical inference. Equivalent filtering and complete comparable source reports must be verified separately.
A13: Rounding | B13: Percentages shown to two decimals and folds to two decimals; formulas use full precision.

Sheet WT source
A1: sample | B1: retained_start_group | C1: amplicon_clusters | D1: supporting_reads | E1: percent_of_imported_supporting_reads | F1: percent_quality_filtered_from_input | G1: percent_assigned_from_input | H1: clusters_with_unaligned_5prime_extension | I1: imported_clusters_in_sample
A2: Sample_1 | B2: uORF1 ATG retained | C2: 11848 | D2: 210365 | E2: 20.101998 | F2: 10.90539 | G2: 20.102336 | H2: 11848 | I2: 93877
A3: Sample_1 | B3: uORF2 ATG retained | C3: 3499 | D3: 64049 | E3: 6.120376 | F3: 3.3203184 | G3: 6.1204814 | H3: 3320 | I3: 93877
A4: Sample_1 | B4: uORF3 ATG retained | C4: 629 | D4: 4540 | E4: 0.43383202 | F4: 0.23533993 | G4: 0.43385459 | H4: 573 | I4: 93877
A5: Sample_1 | B5: uORF4 ATG retained | C5: 135 | D5: 800 | E5: 0.07644617 | F5: 0.041469179 | G5: 0.076450565 | H5: 128 | I5: 93877
A6: Sample_1 | B6: uORF5 ATG retained | C6: 414 | D6: 2498 | E6: 0.23870317 | F6: 0.1294872 | G6: 0.23871719 | H6: 214 | I6: 93877
A7: Sample_1 | B7: Main DAL2 ATG retained | C7: 10508 | D7: 141776 | E7: 13.54779 | F7: 7.3496417 | G7: 13.548091 | H7: 9625 | I7: 93877
A8: Sample_1 | B8: Internal ATG A retained | C8: 2443 | D8: 16830 | E8: 1.6082363 | F8: 0.87242163 | G8: 1.6083149 | H8: 2123 | I8: 93877
A9: Sample_1 | B9: Internal ATG B retained | C9: 18059 | D9: 258794 | E9: 24.729763 | F9: 13.415903 | G9: 24.730241 | H9: 16552 | I9: 93877
A10: Sample_1 | B10: No intact annotated start observed | C10: 36942 | D10: 273560 | E10: 26.140768 | F10: 14.180885 | G10: 26.141767 | H10: 27665 | I10: 93877
A11: Sample_1 | B11: Uncertain / altered or incompletely covered start | C11: 9400 | D11: 73276 | E11: 7.002087 | F11: 3.7984831 | G11: 7.0023747 | H11: 7950 | I11: 93877
B13: TOTAL supporting reads | D13: =SUM(D2:D11)

Sheet upf3 source
A1: sample | B1: retained_start_group | C1: amplicon_clusters | D1: supporting_reads | E1: percent_of_imported_supporting_reads | F1: percent_quality_filtered_from_input | G1: percent_assigned_from_input | H1: clusters_with_unaligned_5prime_extension | I1: imported_clusters_in_sample
A2: Sample_3 | B2: uORF1 ATG retained | C2: 46340 | D2: 715649 | E2: 35.220004 | F2: 18.771124 | G2: 35.219471 | H2: 46338 | I2: 213754
A3: Sample_3 | B3: uORF2 ATG retained | C3: 20029 | D3: 254360 | E3: 12.518092 | F3: 6.6716786 | G3: 12.517862 | H3: 18911 | I3: 213754
A4: Sample_3 | B4: uORF3 ATG retained | C4: 3100 | D4: 18655 | E4: 0.91808858 | F4: 0.48926545 | G4: 0.91804713 | H4: 2773 | I4: 213754
A5: Sample_3 | B5: uORF4 ATG retained | C5: 391 | D5: 1766 | E5: 0.086912058 | F5: 0.046313765 | G5: 0.086906806 | H5: 344 | I5: 213754
A6: Sample_3 | B6: uORF5 ATG retained | C6: 1177 | D6: 5237 | E6: 0.25773411 | F6: 0.13734466 | G6: 0.25771834 | H6: 663 | I6: 213754
A7: Sample_3 | B7: Main DAL2 ATG retained | C7: 13640 | D7: 103710 | E7: 5.1039918 | F7: 2.7201264 | G7: 5.1038282 | H7: 12173 | I7: 213754
A8: Sample_3 | B8: Internal ATG A retained | C8: 5573 | D8: 34438 | E8: 1.6948343 | F8: 0.90323157 | G8: 1.6947648 | H8: 4672 | I8: 213754
A9: Sample_3 | B9: Internal ATG B retained | C9: 38260 | D9: 407076 | E9: 20.033869 | F9: 10.677293 | G9: 20.033447 | H9: 35004 | I9: 213754
A10: Sample_3 | B10: No intact annotated start observed | C10: 68487 | D10: 385450 | E10: 18.969566 | F10: 10.109571 | G10: 18.968724 | H10: 44293 | I10: 213754
A11: Sample_3 | B11: Uncertain / altered or incompletely covered start | C11: 16757 | D11: 105598 | E11: 5.196908 | F11: 2.769609 | G11: 5.1966891 | H11: 12814 | I11: 213754
B13: TOTAL supporting reads | D13: =SUM(D2:D11)

Sheet Comparison
A1: Retained-start group | B1: WT supporting reads | C1: WT total reads | D1: WT percentage | E1: upf3Δ supporting reads | F1: upf3Δ total reads | G1: upf3Δ percentage | H1: Fold: upf3Δ / WT | I1: Difference (percentage points) | J1: WT source % | K1: upf3 source %
A2: uORF1 ATG retained | B2: ='WT source'!D2 | C2: ='WT source'!$D$13 | D2: =B2/C2 | E2: ='upf3 source'!D2 | F2: ='upf3 source'!$D$13 | G2: =E2/F2 | H2: =IF(D2=0,"Undefined",G2/D2) | I2: =100*(G2-D2) | J2: ='WT source'!E2/100 | K2: ='upf3 source'!E2/100
A3: uORF2 ATG retained | B3: ='WT source'!D3 | C3: ='WT source'!$D$13 | D3: =B3/C3 | E3: ='upf3 source'!D3 | F3: ='upf3 source'!$D$13 | G3: =E3/F3 | H3: =IF(D3=0,"Undefined",G3/D3) | I3: =100*(G3-D3) | J3: ='WT source'!E3/100 | K3: ='upf3 source'!E3/100
A4: uORF3 ATG retained | B4: ='WT source'!D4 | C4: ='WT source'!$D$13 | D4: =B4/C4 | E4: ='upf3 source'!D4 | F4: ='upf3 source'!$D$13 | G4: =E4/F4 | H4: =IF(D4=0,"Undefined",G4/D4) | I4: =100*(G4-D4) | J4: ='WT source'!E4/100 | K4: ='upf3 source'!E4/100
A5: uORF4 ATG retained | B5: ='WT source'!D5 | C5: ='WT source'!$D$13 | D5: =B5/C5 | E5: ='upf3 source'!D5 | F5: ='upf3 source'!$D$13 | G5: =E5/F5 | H5: =IF(D5=0,"Undefined",G5/D5) | I5: =100*(G5-D5) | J5: ='WT source'!E5/100 | K5: ='upf3 source'!E5/100
A6: uORF5 ATG retained | B6: ='WT source'!D6 | C6: ='WT source'!$D$13 | D6: =B6/C6 | E6: ='upf3 source'!D6 | F6: ='upf3 source'!$D$13 | G6: =E6/F6 | H6: =IF(D6=0,"Undefined",G6/D6) | I6: =100*(G6-D6) | J6: ='WT source'!E6/100 | K6: ='upf3 source'!E6/100
A7: Main DAL2 ATG retained | B7: ='WT source'!D7 | C7: ='WT source'!$D$13 | D7: =B7/C7 | E7: ='upf3 source'!D7 | F7: ='upf3 source'!$D$13 | G7: =E7/F7 | H7: =IF(D7=0,"Undefined",G7/D7) | I7: =100*(G7-D7) | J7: ='WT source'!E7/100 | K7: ='upf3 source'!E7/100
A8: Internal ATG A retained | B8: ='WT source'!D8 | C8: ='WT source'!$D$13 | D8: =B8/C8 | E8: ='upf3 source'!D8 | F8: ='upf3 source'!$D$13 | G8: =E8/F8 | H8: =IF(D8=0,"Undefined",G8/D8) | I8: =100*(G8-D8) | J8: ='WT source'!E8/100 | K8: ='upf3 source'!E8/100
A9: Internal ATG B retained | B9: ='WT source'!D9 | C9: ='WT source'!$D$13 | D9: =B9/C9 | E9: ='upf3 source'!D9 | F9: ='upf3 source'!$D$13 | G9: =E9/F9 | H9: =IF(D9=0,"Undefined",G9/D9) | I9: =100*(G9-D9) | J9: ='WT source'!E9/100 | K9: ='upf3 source'!E9/100
A10: No intact annotated start observed | B10: ='WT source'!D10 | C10: ='WT source'!$D$13 | D10: =B10/C10 | E10: ='upf3 source'!D10 | F10: ='upf3 source'!$D$13 | G10: =E10/F10 | H10: =IF(D10=0,"Undefined",G10/D10) | I10: =100*(G10-D10) | J10: ='WT source'!E10/100 | K10: ='upf3 source'!E10/100
A11: Uncertain / altered or incompletely covered start | B11: ='WT source'!D11 | C11: ='WT source'!$D$13 | D11: =B11/C11 | E11: ='upf3 source'!D11 | F11: ='upf3 source'!$D$13 | G11: =E11/F11 | H11: =IF(D11=0,"Undefined",G11/D11) | I11: =100*(G11-D11) | J11: ='WT source'!E11/100 | K11: ='upf3 source'!E11/100
A12: ALL uORF-retaining groups | B12: =SUM(B2:B6) | C12: ='WT source'!$D$13 | D12: =B12/C12 | E12: =SUM(E2:E6) | F12: ='upf3 source'!$D$13 | G12: =E12/F12 | H12: =G12/D12 | I12: =100*(G12-D12) | J12: =SUM(J2:J6) | K12: =SUM(K2:K6)
